{
  "time": 3892447.4716312056,
  "cost": 473.822695035461
}