{
  "time": 21775645.234875444,
  "cost": 5005.55871886121
}