{
  "time": 4442229.825454545,
  "cost": 442.58181818181816
}