{
  "time": 8631359.176258992,
  "cost": 370.7985611510791
}