{
  "time": 2441173.659574468,
  "cost": 299.0496453900709
}