{
  "time": 3852115.0177304964,
  "cost": 434.4255319148936
}