{
  "time": 8525742.726950355,
  "cost": 131.9787234042553
}