{
  "time": 2391305.1843971633,
  "cost": 329.8014184397163
}