{
  "time": 2156209.3120567375,
  "cost": 132.59574468085106
}