{
  "time": 27255024.025454547,
  "cost": 1042.5163636363636
}