{
  "time": 21613540.21631206,
  "cost": 1050.4822695035461
}