{
  "time": 2016499.2659574468,
  "cost": 123.55319148936171
}