{
  "time": 2467700.830935252,
  "cost": 300.52517985611513
}