{
  "time": 8330115.407801419,
  "cost": 124.43971631205673
}