{
  "time": 8717957.892857144,
  "cost": 296.87857142857143
}