{
  "time": 8675551.627659574,
  "cost": 295.98581560283685
}