{
  "time": 8380592.670212766,
  "cost": 123.39007092198581
}