{
  "time": 2097155.8156028367,
  "cost": 127.39716312056737
}