{
  "time": 8449029.58302583,
  "cost": 385.34317343173433
}