{
  "time": 9150667.90425532,
  "cost": 302.92198581560285
}